Vehicle,Value,PI,Availability
Abarth 124 Spider 2017,250000,C450,Hard to Find
Abarth 595 esseesse 1968,25000,D100,"Autoshow, Wheelspin"
Abarth 695 Biposto 2016,250000,B540,Hard to Find
Abarth Fiat 131 1980,125000,D399,"Autoshow, Wheelspin"
Acura Integra A-Spec 2023,36000,C484,"Autoshow, Wheelspin, Aftermarket Car"
Acura Integra Type R 2001,25000,C471,"Autoshow, Wheelspin"
Acura NSX Type S 2022,193000,S1734,Earn the Blue wristband
Acura RSX Type S 2002,18000,C462,"Autoshow, Wheelspin, Aftermarket Car"
Alfa Romeo 155 Q4 1992,30000,C439,Autoshow
Alfa Romeo 33 Stradale 1968,3500000,B593,"Autoshow, Wheelspin"
Alfa Romeo 4C 2014,73000,A644,Autoshow
Alfa Romeo 8C Competizione 2007,312000,A635,"Autoshow, Wheelspin, Aftermarket Car"
Alfa Romeo Autodelta Tipo 33/2 Daytona 1968,1000000,A696,Autoshow (DLC: Car Pass)
Alfa Romeo Giulia GTAm 2021,225000,S1711,Autoshow (DLC: Italian Passion Car Pack)
Alfa Romeo Giulia Quadrifoglio 2017,45000,A667,"Autoshow, Wheelspin, Aftermarket Car"
Alfa Romeo Giulia Sprint GTA Stradale 1965,343000,D379,"Autoshow, Wheelspin"
Alfa Romeo Giulia TZ2 1965,1200000,B532,"Earn 4,500 points in the ""Horizon Promo"" category in the Collection Journal"
Alfa Romeo SE 048SP 1990,1000000,R978,Autoshow (DLC: Italian Passion Car Pack)
Alumicraft #122 Class 1 Buggy 2021,160000,B571,"Autoshow, Wheelspin"
Alumicraft #6165 Trick Truck 2022,300000,C485,"Autoshow, Wheelspin"
Alumicraft Class 10 Race Car 2015,45000,B532,"Autoshow, Wheelspin, Aftermarket Car"
Apollo Intensa Emozione 2019,3200000,R916,Wheelspin
Ariel Atom 500 V8 2013,190000,S2825,"Autoshow, Wheelspin, Aftermarket Car"
Ariel Nomad 2016,54000,A601,"Autoshow, Wheelspin, Earn 100 points in the ""Bonus Boards"" category in the Collection Journal"
Aston Martin DB11 2017,175000,A679,"Autoshow, Wheelspin"
Aston Martin DB5 1964,500000,C417,Autoshow
Aston Martin DB7 GT 2003,80000,B566,Autoshow (DLC: Car Pass)
Aston Martin DBS Superleggera 2019,275000,S1736,Wheelspin
Aston Martin DBX 2021,250000,A618,Hard to Find
Aston Martin Valhalla Concept Car 2019,1150000,R960,Wheelspin
Aston Martin Valkyrie 2023,2750000,R925,"Autoshow, Wheelspin"
Aston Martin Valkyrie AMR Pro 2022,4200000,R989,"Autoshow, Wheelspin, Earn 2,500 points in the ""Horizon Legend"" category in the Collection Journal"
Aston Martin Vantage 2019,250000,A696,Autoshow
Aston Martin Vulcan 2016,2300000,S2884,"Autoshow, Wheelspin, Loyalty Reward"
Aston Martin Vulcan AMR Pro 2017,3000000,S2898,"Autoshow, Wheelspin"
Audi #2 Audi Sport quattro S1 1986,750000,S1726,"Autoshow, Wheelspin"
Audi R8 Coupé V10 GT RWD 2023,250000,S1769,Autoshow (DLC: Car Pass)
Audi R8 Coupé V10 plus 5.2 FSI quattro 2013,100000,A694,"Earn 2,700 points in the ""Day Trips"" category in the Collection Journal"
Audi R8 LMS 2009,900000,S2810,"Autoshow, Wheelspin"
Audi R8 V10 performance 2020,281000,S1738,"Autoshow, Wheelspin"
Audi R8 V10 plus 2016,160000,S1731,"Autoshow, Wheelspin, Aftermarket Car"
Audi RS 3 Sedan 2020,52000,A617,"Autoshow, Wheelspin"
Audi RS 3 Sportback 2011,20000,B565,"Autoshow, Wheelspin, Aftermarket Car"
Audi RS 4 2006,75000,B593,"Autoshow, Wheelspin"
Audi RS 4 Avant 2001,175000,B544,"Autoshow, Wheelspin"
Audi RS 4 Avant 2013,30000,A607,"Autoshow, Wheelspin"
Audi RS 4 Avant 2018,50000,A637,"Autoshow, Wheelspin"
Audi RS 5 Coupé 2011,25000,A613,"Autoshow, Wheelspin"
Audi RS 6 2003,35000,B556,"Autoshow, Wheelspin"
Audi RS 6 2009,42000,B598,"Autoshow, Wheelspin"
Audi RS 6 Avant 2015,60000,A640,"Autoshow, Wheelspin"
Audi RS 6 Avant 2021,83000,A650,"Autoshow, Wheelspin"
Audi RS 7 Sportback 2013,55000,A620,"Autoshow, Wheelspin"
Audi RS 7 Sportback 2021,80000,A655,"Autoshow, Wheelspin"
Audi RS e-tron GT 2021,95000,A677,"Autoshow, Wheelspin, Aftermarket Car"
Audi S1 2015,21000,B527,"Autoshow, Wheelspin"
Audi Sport quattro 1983,650000,B526,Wheelspin
Audi TT RS Coupé 2010,35000,B593,"Autoshow, Wheelspin"
Austin-Healey 3000 MkIII 1965,75000,D352,"Autoshow, Wheelspin"
Autozam AZ-1 1993,38000,D342,"Autoshow, Wheelspin, Aftermarket Car"
BAC Mono 2014,196000,S1766,"Autoshow, Wheelspin, Aftermarket Car"
Bentley Bentayga 2016,250000,A612,Wheelspin
Bentley Continental GT Convertible 2021,170000,A649,"Autoshow, Wheelspin, Aftermarket Car, Earn 1,200 points in ""Car Collection"" category in the Collection Journal"
Bentley Continental GT Speed 2025,250000,A699,Hard to Find
BMW 2002 Turbo 1973,127000,C425,"Autoshow, Wheelspin"
BMW 850CSi 1995,135000,C493,"Autoshow, Wheelspin"
BMW i8 2015,70000,A665,"Autoshow, Wheelspin"
BMW Isetta 300 Export 1957,84000,D100,"Autoshow, Wheelspin"
BMW iX xDrive50 2022,37000,B595,"Autoshow, Wheelspin"
BMW M1 1981,600000,B510,Treasure Car: North Hokubu
BMW M2 2023,67000,A647,"Autoshow, Wheelspin"
BMW M2 Competition Coupé 2020,250000,A656,"Wheelspin, Earn the Yellow wristband"
BMW M2 Forza Edition 2023,500000,A700,"Earn 5,000 points in the ""Horizon Legend"" category in the Collection Journal"
BMW M3 1988,250000,C474,"Autoshow, Wheelspin"
BMW M3 1997,30000,B549,"Autoshow, Wheelspin"
BMW M3 2005,35000,B554,"Autoshow, Wheelspin"
BMW M3 2008,43000,A608,"Autoshow, Wheelspin, Aftermarket Car"
BMW M3 GTS 2010,198000,A678,"Autoshow, Wheelspin"
BMW M4 Competition Coupé 'Welcome Pack' 2021,150000,S1800,Autoshow (DLC: Welcome Pack)
BMW M4 Competition Coupé 2021,64000,A666,"Autoshow, Wheelspin"
BMW M4 Coupé 2014,55000,A679,"Autoshow, Wheelspin"
BMW M4 GTS 2016,125000,S1711,"Autoshow, Wheelspin"
BMW M5 1988,70000,C469,"Autoshow, Wheelspin"
BMW M5 1995,48000,B516,"Autoshow, Wheelspin"
BMW M5 2003,47000,B580,"Autoshow, Wheelspin"
BMW M5 2009,54000,B595,"Autoshow, Wheelspin"
BMW M5 2012,40000,A652,"Autoshow, Wheelspin"
BMW M5 CS 2022,150000,S1730,"Autoshow, Wheelspin"
BMW M8 Competition Coupé 2020,100000,A684,"Autoshow, Wheelspin, Aftermarket Car"
BMW X5 M 2011,24000,B546,"Autoshow, Wheelspin"
BMW X6 M Competition 2024,140000,A672,"Autoshow, Wheelspin"
BMW Z4 M Coupé 2008,63000,B579,"Autoshow, Wheelspin"
BMW Z4 Roadster 2019,38000,A634,"Autoshow, Wheelspin, Earn 200 points in the ""Speed Zones"" category in the Collection Journal"
Buick Regal GNX 1987,255000,C454,Autoshow
Cadillac ATS-V 2016,41000,A601,"Autoshow, Wheelspin"
Cadillac CT4-V Blackwing 2022,55000,A650,"Autoshow, Wheelspin"
Cadillac CT5-V Blackwing 2022,90000,S1701,"Autoshow, Wheelspin"
Cadillac CTS-V Sedan 2016,60000,A648,"Autoshow, Wheelspin"
Cadillac XTS Limousine 2013,44000,D381,"Autoshow, Wheelspin"
Can-Am Maverick X RS Turbo R 2018,16000,B568,"Autoshow, Wheelspin"
Casey Currie Motorsports #4402 Ultra 4 'Trophy Jeep' 2019,250000,A641,Wheelspin
Chevrolet 150 Utility Sedan 1955,140000,D221,"Autoshow, Wheelspin"
Chevrolet Bel Air 1957,69000,D320,"Autoshow, Wheelspin"
Chevrolet Camaro Super Sport Coupe 1969,75000,C471,"Autoshow, Wheelspin"
Chevrolet Camaro Z/28 2015,65000,A695,"Autoshow, Wheelspin"
Chevrolet Camaro Z28 1970,55000,C430,"Autoshow, Wheelspin"
Chevrolet Camaro Z28 1979,20000,D364,"Autoshow, Wheelspin"
Chevrolet Camaro ZL1 1LE 2018,70000,S1728,"Autoshow, Wheelspin"
Chevrolet Camaro ZL1 2017,55000,S1727,"Autoshow, Wheelspin"
Chevrolet Camaro ZL1 2024,250000,S1718,Hard to Find
Chevrolet Chevelle Super Sport 454 1970,90000,C424,"Autoshow, Wheelspin"
Chevrolet Corvette 1953,269000,D270,"Autoshow, Wheelspin"
Chevrolet Corvette 1960,250000,C428,Wheelspin
Chevrolet Corvette E-Ray 2024,114000,S1737,"Autoshow, Wheelspin, Loyalty Reward"
Chevrolet Corvette Stingray 427 1967,135000,B510,Car Mastery: Chevrolet Corvette Stingray Coupe
Chevrolet Corvette Stingray Coupe 2020,65000,A699,"Autoshow, Wheelspin, Aftermarket Car"
Chevrolet Corvette Z06 2002,33000,A602,"Autoshow, Wheelspin"
Chevrolet Corvette Z06 2015,100000,S1755,"Autoshow, Wheelspin"
Chevrolet Corvette Z06 2023,155000,S1763,"Autoshow, Wheelspin"
Chevrolet Corvette ZR-1 1970,250000,C497,"Autoshow, Wheelspin"
Chevrolet Corvette ZR-1 1995,76000,B576,"Autoshow, Wheelspin"
Chevrolet Corvette ZR1 2009,125000,S1712,"Autoshow, Wheelspin"
Chevrolet Corvette ZR1 2019,250000,S1778,Wheelspin
Chevrolet El Camino Super Sport 454 1970,36000,C430,"Autoshow, Wheelspin"
Chevrolet Impala Super Sport 1996,30000,C407,"Autoshow, Wheelspin"
Chevrolet Impala Super Sport 409 1964,70000,C427,"Autoshow, Wheelspin"
Chevrolet K-10 Custom 1972,49000,D268,"Autoshow, Wheelspin"
Chevrolet Monte Carlo Super Sport 1988,30000,D282,"Autoshow, Wheelspin"
Chevrolet Nova Super Sport 396 1969,40000,C431,"Autoshow, Wheelspin"
Chevrolet Silverado LT Trail Boss 2020,43000,C449,"Autoshow, Wheelspin"
Datsun #269 Attacking the Clock Racing 240Z 'All Carbon Hill Climb Beast' 1972,185000,R951,Autoshow (DLC: Car Pass)
Datsun 2000 Roadster 1969,250000,D323,Hard to Find
Datsun 510 1970,86000,D143,"Autoshow, Wheelspin"
De Tomaso Pantera GT5 1984,250000,B562,Hard to Find
DeBerti Chevrolet Silverado 1500 Drift Truck 2018,250000,S1707,"Autoshow, Wheelspin"
DeBerti Ford Super Duty F-250 Lariat 'Transformer' 2019,275000,B548,"Autoshow, Wheelspin"
DeBerti Jeep Wrangler Unlimited 2018,150000,A645,"Autoshow, Wheelspin"
DeBerti Toyota Tacoma TRD 'The Performance Truck' 2019,250000,S1717,"Autoshow, Wheelspin"
DeLorean DMC-12 1982,72000,D357,"Autoshow, Wheelspin"
Dodge Challenger R/T 1970,525000,C443,Wheelspin
Dodge Challenger SRT Demon 170 2023,85000,A683,Autoshow (DLC: Car Pass)
Dodge Challenger SRT Demon 2018,90000,A678,"Autoshow, Wheelspin, Aftermarket Car, Earn 250 points in ""Horizon Promo"" category in the Collection Journal"
Dodge Challenger SRT Hellcat 2015,53000,A631,"Autoshow, Wheelspin"
Dodge Challenger SRT Super Stock 2022,87000,A695,"Autoshow, Wheelspin"
Dodge Charger Daytona HEMI 1969,541000,C479,"Autoshow, Wheelspin, Earn 1,500 points in the ""Car Collection"" category in the Collection Journal"
Dodge Charger R/T 1969,224000,C417,Treasure Car: Central Minamino
Dodge Charger SRT Hellcat 2015,44000,A637,"Autoshow, Wheelspin, Aftermarket Car"
Dodge Coronet Super Bee 1970,175000,C455,"Autoshow, Wheelspin"
Dodge Dart HEMI Super Stock 1968,300000,B540,Wheelspin
Dodge Durango SRT Hellcat 2021,73000,A628,"Earn 1,400 points in the ""Day Trips"" category in the Collection Journal"
Dodge Ram SRT-10 2006,250000,B547,Hard to Find
Dodge Viper ACR 2016,290000,S1786,Wheelspin
Dodge Viper GTS ACR 1999,68000,B598,Autoshow
Dodge Viper GTS ACR Forza Edition 1999,500000,A700,Gifted (DLC: VIP Membership)
Dodge Viper SRT-10 ACR 2008,115000,S1735,"Autoshow, Wheelspin"
Exomotive Exocet Sport V8 XP-5 2018,309000,S2841,Hard to Find
Ferrari #24 Ferrari Spa 330 P4 1967,70000000,A684,"Autoshow, Wheelspin"
Ferrari 250 GT Berlinetta Lusso 1962,1400000,C475,"Autoshow, Earn 2,000 points in the ""Horizon Promo"" category in the Collection Journal"
Ferrari 250 GTO 1962,48000000,C494,"Autoshow, Wheelspin"
Ferrari 275 GTB4 Spider 1967,1000000,B579,Autoshow (DLC: Italian Passion Car Pack)
Ferrari 288 GTO 1984,2800000,A643,Wheelspin
Ferrari 296 GTB 2022,380000,S2811,Hard to Find
Ferrari 430 Scuderia 2007,355000,S1702,"Autoshow, Wheelspin"
Ferrari 458 Italia 2009,210000,S1721,"Autoshow, Wheelspin"
Ferrari 458 Speciale 2013,500000,S1768,"Autoshow, Wheelspin"
Ferrari 488 GTB 2015,250000,S1770,"Autoshow, Wheelspin"
Ferrari 488 Pista 2019,716000,S2803,"Autoshow, Wheelspin"
Ferrari 512 S 1970,3600000,S1774,"Autoshow, Wheelspin"
Ferrari 512 TR 1992,350000,A615,Wheelspin
Ferrari 599XX 2010,2000000,S2840,"Autoshow, Wheelspin"
Ferrari 599XX Evolution 2012,3200000,S2894,Wheelspin
Ferrari 812 Superfast 2017,395000,S1780,"Autoshow, Wheelspin"
Ferrari Dino 246 GT 1969,390000,C428,"Autoshow, Wheelspin"
Ferrari Enzo Ferrari 2002,3500000,S1755,Autoshow
Ferrari F12tdf 2015,500000,S1788,"Autoshow, Wheelspin"
Ferrari F355 Berlinetta 1994,250000,B588,Wheelspin
Ferrari F40 1987,2000000,A678,"Autoshow, Earn 2,000 points in the ""Garages"" category in the Collection Journal"
Ferrari F40 Competizione 1989,3200000,R948,"Autoshow, Wheelspin, Aftermarket Car"
Ferrari F50 1995,4500000,A678,"Autoshow, Wheelspin"
Ferrari F50 GT 1996,5500000,R948,Car Mastery: Ferrari F50
Ferrari F8 Tributo 2019,333000,S2802,Wheelspin
Ferrari F80 2025,1000000,R916,Autoshow (DLC: Italian Passion Car Pack)
Ferrari FXX 2005,2500000,S2900,"Autoshow, Wheelspin"
Ferrari FXX K 2014,4300000,R936,"Autoshow, Wheelspin"
Ferrari FXX-K Evo 'Welcome Pack' 2018,250000,R998,Autoshow (DLC: Welcome Pack)
Ferrari FXX-K Evo 2018,4500000,R957,"Autoshow, Wheelspin"
Ferrari J50 2017,2500000,S1772,"Autoshow, Wheelspin"
Ferrari J50 Preorder Car 2017,309000,S1800,Gifted (DLC: Pre-order Forza Horizon 6)
Ferrari LaFerrari 2013,3000000,S2857,"Autoshow, Wheelspin"
Ferrari Monza SP2 2019,2500000,S1773,"Autoshow, Wheelspin"
Ferrari Portofino 2018,200000,S1714,"Autoshow, Wheelspin, Aftermarket Car"
Ferrari Roma 2020,250000,S1735,Hard to Find
Ferrari SF90 Stradale 2020,575000,S2851,"Autoshow, Wheelspin, Aftermarket Car"
Ford #11 Rockstar F-150 Trophy Truck 2014,450000,A613,"Autoshow, Wheelspin"
Ford #14 Rahal Letterman Lanigan Racing GRC Fiesta 2017,150000,S1772,"Autoshow, Earn 850 points in the ""Bonus Boards"" category in the Collection Journal"
Ford #2 GT40 Mk II 1966,13200000,A666,"Autoshow, Wheelspin"
Ford #2069 Ford Performance Bronco R 2020,450000,C441,"Autoshow, Wheelspin"
Ford #25 'Brocky' Ultra4 Bronco RTR 2017,75000,A644,"Autoshow, Earn 2,500 points in the ""Master Explorer"" category in the Collection Journal"
Ford #4 Ford Focus RS 2001,415000,A639,"Autoshow, Wheelspin"
Ford #5 Escort RS1800 MkII 1977,185000,B544,"Autoshow, Wheelspin, Aftermarket Car"
Ford Bronco Raptor 2022,50000,C473,"Autoshow, Wheelspin"
Ford Capri RS3100 1973,69000,D394,"Autoshow, Wheelspin"
Ford Crown Victoria Police Interceptor 2010,15000,D354,"Autoshow, Wheelspin"
Ford De Luxe Five-Window Coupe 1932,36000,D100,"Autoshow, Wheelspin"
Ford Escort RS Cosworth 1992,65000,C456,"Autoshow, Wheelspin, Aftermarket Car"
Ford F-150 Lightning 2022,250000,C500,Wheelspin
Ford F-150 Raptor R 'Welcome Pack' 2023,50000,B600,Autoshow (DLC: Welcome Pack)
Ford F-150 Raptor R 2023,110000,B536,"Autoshow, Wheelspin"
Ford F-150 SVT Lightning 2003,250000,C474,Hard to Find
Ford F-150 XLT Lariat 1986,45000,D263,"Autoshow, Wheelspin"
Ford F-150 XLT Lariat Forza Edition 1986,500000,S2850,Wheelspin
Ford Fiesta ST 2023,26000,C500,"Autoshow, Wheelspin, Aftermarket Car"
Ford Focus RS 2003,35000,C484,"Autoshow, Wheelspin"
Ford Focus RS 2009,52000,B551,Autoshow
Ford Focus RS 2017,37000,B588,"Autoshow, Earn 150 points in the ""Car Collection"" category in the Collection Journal"
Ford Focus ST 2022,34000,B594,"Autoshow, Wheelspin"
Ford FPV Limited Edition Pursuit Ute 2014,40000,B563,"Autoshow, Wheelspin"
Ford GT 2005,585000,A676,Treasure Car: Southeast Nangan
Ford GT 2017,500000,S1757,"Autoshow, Wheelspin"
Ford M-Sport Fiesta RS 2017,250000,S1707,Wheelspin
Ford Mustang Boss 302 1969,75000,C468,"Autoshow, Wheelspin"
Ford Mustang Dark Horse 2024,59000,A669,"Autoshow, Earn 400 points in the ""Speed Traps"" category in the Collection Journal"
Ford Mustang GT 2+2 Fastback 1968,119000,D394,"Autoshow, Wheelspin"
Ford Mustang GT 2+2 Fastback Forza Edition 1968,500000,A700,Wheelspin
Ford Mustang GT 2024,45000,A628,"Autoshow, Wheelspin"
Ford Mustang GT Coupe 1965,52000,D388,Autoshow
Ford Mustang RTR Spec 5 2018,35000,A648,"Autoshow, Wheelspin"
Ford Mustang Shelby GT350R 2016,88000,S1721,"Autoshow, Wheelspin"
Ford Mustang Shelby GT500 2013,60000,A647,"Autoshow, Wheelspin, Aftermarket Car"
Ford Mustang Shelby GT500 2020,125000,S1734,"Autoshow, Wheelspin"
Ford Mustang SVT Cobra R 1993,84000,C432,"Autoshow, Wheelspin"
Ford Mustang SVT Cobra R 2000,153000,B528,"Autoshow, Wheelspin"
Ford Racing Puma 1999,30000,C401,"Autoshow, Wheelspin"
Ford Ranger T6 Rally Raid 2014,350000,B530,Wheelspin
Ford RS200 Evolution 1985,420000,S1710,Earn the Green wristband
Ford Sierra Cosworth RS500 1987,79000,C484,Barn Find: Southwest Ito
Ford Super Duty F-450 DRW PLATINUM 2020,65000,D379,"Autoshow, Wheelspin"
Ford Super Duty F-450 DRW PLATINUM Forza Edition 2020,500000,A700,Wheelspin
Ford Supervan 3 1994,250000,S1740,"Autoshow, Wheelspin"
Ford Supervan 4 2022,2000000,R919,Car Mastery: Ford Supervan 3
Ford Thunderbird 1957,60000,D332,Autoshow (DLC: Car Pass)
Ford Transit SuperSportVan 2011,42000,D235,"Autoshow, Wheelspin"
Ford XB Falcon GT 1973,218000,C422,"Autoshow, Wheelspin"
Formula Drift #117 599 GTB Fiorano 2007,525000,S1767,"Autoshow, Earn 400 points in the ""Skills"" category in the Collection Journal"
Formula Drift #13 Ford Mustang 2015,250000,S1739,Wheelspin
Formula Drift #151 Toyota GR Supra 2020,185000,S1779,"Autoshow, Wheelspin"
Formula Drift #34 Toyota Supra MkIV 1995,150000,S1759,"Autoshow, Wheelspin"
Formula Drift #411 Toyota Corolla Hatchback 2019,150000,S1754,"Autoshow, Wheelspin"
Formula Drift #43 Dodge Viper SRT10 2006,250000,S1748,Wheelspin
Formula Drift #530 HSV Maloo Gen-F 2016,150000,S1710,"Autoshow, Wheelspin"
Formula Drift #64 Forsberg Racing Nissan Z 2023,200000,S1783,"Autoshow, Wheelspin"
Formula Drift #777 Chevrolet Corvette 2013,275000,S1760,"Autoshow, Wheelspin"
Formula Drift #777 Nissan 240SX 1997,150000,S1748,"Autoshow, Earn 1,800 points in the ""Drift Club Japan"" category in the Collection Journal"
Formula Drift #91 BMW M2 2020,150000,S1748,"Autoshow, Wheelspin, Aftermarket Car"
Formula Drift #98 BMW 325i 1989,150000,S1726,"Autoshow, Wheelspin"
Formula Drift #99 Mazda RX-8 2009,150000,S1737,"Autoshow, Earn 1,500 points in the ""Drift Zones"" category in the Collection Journal"
Funco Motorsports F9 2018,300000,S1752,"Earn 3,500 points in the ""Bonus Boards"" category in the Collection Journal"
Ginetta G40 Junior 2019,250000,B569,Hard to Find
GMC HUMMER EV Pickup 2022,95000,A610,"Autoshow, Wheelspin"
GMC Jimmy 1970,60000,C416,"Autoshow, Complete the Prologue"
GMC Syclone 1991,46000,C446,"Autoshow, Wheelspin"
GMC Typhoon 1992,38000,C435,"Autoshow, Wheelspin"
Gordon Murray Automotive T.50 2022,3050000,S2871,"Autoshow, Earn 2,500 points in the ""Speed Traps"" category in the Collection Journal"
GR GR GT (Prototype) (Initial Drive) 2025,125000,S1771,Unobtainable
GR GR GT (Prototype) 2025,250000,S1771,"Autoshow, Wheelspin"
Hennessey Ford F-150 VelociRaptor 6x6 2019,375000,B520,"Autoshow, Wheelspin"
Hennessey Venom F5 2021,2050000,S2870,"Autoshow, Wheelspin, Aftermarket Car"
Hennessey Venom GT 2012,1400000,S2845,Wheelspin
Holden Torana A9X 1977,500000,C413,"Autoshow, Wheelspin, Aftermarket Car"
Honda #19 101 Motorsport CRX WTAC 1990,150000,S2877,Autoshow (DLC: Time Attack Car Pack)
Honda #21 Hardrace/JDMYard Civic WTAC 1992,150000,R913,Autoshow (DLC: Time Attack Car Pack)
Honda #33 Integra WTAC 2001,150000,S2860,Autoshow (DLC: Time Attack Car Pack)
Honda #52 Evasive Motorsports S2000 WTAC 2004,320000,S2888,Autoshow (DLC: Time Attack Car Pack)
Honda Acty 'RakuRaku Express' 1994,9000,D100,Unobtainable
Honda Acty 1994,9000,D100,"Autoshow, Wheelspin, Earn 750 points in the ""Tokyo City Food Delivery"" category in the Collection Journal"
Honda Beat 1991,15000,D283,"Autoshow, Wheelspin, Earn 250 points in the ""Regional Mascots"" category in the Collection Journal"
Honda City E II 1984,7500,D203,"Autoshow, Wheelspin, Aftermarket Car, Earn 500 points in ""Yuji's Auto"" category in the Collection Journal"
Honda Civic CRX Mugen 1984,50000,D390,"Earn 1,800 points in the ""Moto Auto Zine"" category in the Collection Journal"
Honda Civic RS 1974Car Mastery: Honda Civic Type R ( 2023,14000,D254,)
Honda Civic Si 1986,10000,D253,Autoshow
Honda Civic Type R 1997,30000,C430,"Autoshow, Wheelspin, Aftermarket Car"
Honda Civic Type R 2004,15000,C480,"Autoshow, Wheelspin, Aftermarket Car"
Honda Civic Type R 2007,17000,C454,"Autoshow, Wheelspin"
Honda Civic Type R 2008,20000,B514,Autoshow (DLC: Car Pass)
Honda Civic Type R 2015,30000,B585,"Autoshow, Wheelspin, Aftermarket Car"
Honda Civic Type R 2018,35000,A608,"Autoshow, Wheelspin"
Honda Civic Type R 2023,43000,A620,"Autoshow, Wheelspin, Aftermarket Car, Earn 200 points in ""Car Upgrades"" category in the Collection Journal"
Honda CR-X SiR 1991,250000,C465,Hard to Find
Honda e 2022,30000,D398,"Autoshow, Wheelspin"
Honda N600 1970,250000,D100,Hard to Find
Honda NSX-R 1992,450000,B572,"Autoshow, Wheelspin, Aftermarket Car"
Honda NSX-R 2005,325000,B570,"Autoshow, Earn 1,500 points in the ""Regional Mascots"" category in the Collection Journal"
Honda NSX-R GT 2005,600000,A608,Barn Find: South of the Horizon Festival
Honda Prelude Si 1994,15000,C410,"Autoshow, Wheelspin, Earn 250 points in the ""Photography"" category in the Collection Journal"
Honda Ridgeline Baja Trophy Truck 2015,400000,B579,"Autoshow, Wheelspin"
Honda S2000 'Touge Edition' 2003,14000,B503,Unobtainable
Honda S2000 2003,55000,B503,"Autoshow, Wheelspin, Aftermarket Car"
Honda S800 1970,40000,D134,"Autoshow, Wheelspin"
Honda Z GT 1972,15000,D100,Autoshow (DLC: Car Pass)
HSV GEN-F GTS 2014,81000,A601,"Autoshow, Wheelspin"
HSV Limited Edition Gen-F GTS Maloo 2014,65000,A629,"Autoshow, Wheelspin"
Hyundai i20 N 2021,48000,B564,"Autoshow, Wheelspin, Aftermarket Car"
Hyundai i30 N 2020,32000,B553,"Autoshow, Wheelspin"
Hyundai IONIQ 5 N 2023,22000,A657,"Autoshow, Wheelspin"
Hyundai N Vision 74 2022,325000,A692,"Autoshow, Wheelspin"
Hyundai Veloster N 2019,20000,B532,"Autoshow, Wheelspin, Aftermarket Car"
Jaguar C-X75 2010,3200000,S2810,"Autoshow, Wheelspin"
Jaguar D-Type 1956,4300000,B506,"Autoshow, Wheelspin"
Jaguar E-type 1961,250000,C414,Wheelspin
Jaguar Lightweight E-Type 1964,7900000,B568,"Autoshow, Wheelspin"
Jaguar Sport XJR-15 1991,950000,S1716,"Autoshow, Earn 900 points in the ""Car Collection"" category in the Collection Journal"
Jaguar XJ-S 1990,90000,C491,Autoshow
Jaguar XJ-S Forza Edition 1990,250000,S1750,"Earn 550 points in the ""Drift Attack"" category in the Collection Journal"
Jaguar XJ220 1993,570000,A676,"Autoshow, Wheelspin"
Jaguar XJ220S TWR 1993,540000,S1750,"Autoshow, Wheelspin, Aftermarket Car"
Jaguar XKR-S GT 2015,250000,A671,Hard to Find
Jeep Grand Cherokee Trackhawk 2018,72000,A631,"Autoshow, Wheelspin"
Jeep JT 2020,36000,D336,"Autoshow, Wheelspin"
Jeep Trailcat 2016,70000,A635,"Autoshow, Wheelspin"
Jeep Wrangler Rubicon 2012,16000,D350,"Autoshow, Wheelspin"
Jimco #179 Hammerhead Class 1 2020,95000,A652,"Autoshow, Wheelspin, Aftermarket Car"
Jimco #240 Fastball Racing Spec Trophy Truck 2019,350000,B511,"Autoshow, Wheelspin"
Koenigsegg Agera 2011,1950000,S2810,"Autoshow, Wheelspin"
Koenigsegg Agera RS 2017,2900000,S2890,"Autoshow, Earn 2,100 points in the ""Discovery"" category in the Collection Journal"
Koenigsegg CCGT 2008,3400000,S2900,"Autoshow, Wheelspin, Aftermarket Car"
Koenigsegg Gemera 2024,2000000,S2900,Autoshow (DLC: Car Pass)
Koenigsegg Jesko 2020,3500000,S2899,"Autoshow, Wheelspin"
Koenigsegg One:1 2015,3750000,S2890,Wheelspin
Koenigsegg Regera 2016,2550000,S2886,Autoshow
KTM X-Bow GT4 2018,90000,S1749,"Autoshow, Wheelspin"
Lamborghini Aventador LP 780-4 Ultimae 2021,800000,S1794,Earn the Gold wristband
Lamborghini Aventador LP700-4 2012,345000,S1753,Wheelspin
Lamborghini Aventador SVJ 2018,1200000,S1794,"Autoshow, Wheelspin"
Lamborghini Centenario LP 770-4 2016,1750000,S1792,"Autoshow, Wheelspin, Loyalty Reward"
Lamborghini Countach LP5000 QV 1988,600000,A622,Hard to Find
Lamborghini Countach LPI 800-4 2021,2100000,S1773,"Autoshow, Wheelspin"
Lamborghini Diablo GTR 1999,680000,S2823,Wheelspin
Lamborghini Diablo SV 1997,375000,A649,Barn Find: East Ito
Lamborghini Essenza SCV12 2020,1500000,R911,"Autoshow, Wheelspin"
Lamborghini Gallardo LP570-4 Spyder Performante 2012,210000,A685,"Autoshow, Wheelspin"
Lamborghini Huracán EVO 2020,250000,S1761,Hard to Find
Lamborghini Huracán EVO Spyder 2022,325000,S1757,Hard to Find
Lamborghini Huracán LP 610-4 2014,200000,S1738,"Autoshow, Wheelspin, Loyalty Reward"
Lamborghini Huracán Sterrato 2023,325000,S1738,"Earn 7,610 points in the ""Dirt Racing"" category in the Collection Journal"
Lamborghini Huracán STO 2020,325000,S1783,"Autoshow, Wheelspin"
Lamborghini Huracán Tecnica 2022,365000,S1747,"Autoshow, Wheelspin"
Lamborghini Miura P400 1967,1700000,B505,"Autoshow, Wheelspin"
Lamborghini Murciélago LP 670-4 SV 2010,1000000,S1707,"Autoshow, Wheelspin"
Lamborghini Revuelto 2024,365000,S2829,"Autoshow, Earn 2,500 points in the ""Road Racing"" category in the Collection Journal"
Lamborghini Sesto Elemento 2011,2500000,S2871,Wheelspin
Lamborghini Sián Roadster 2020,2500000,S1797,"Autoshow, Wheelspin"
Lamborghini Temerario 2024,250000,S2801,Hard to Find
Lamborghini Urus 2019,200000,A659,"Autoshow, Earn 1,675 points in the ""Horizon Play"" category in the Collection Journal"
Lamborghini Veneno 2013,3950000,S2834,"Autoshow, Wheelspin"
Lancia 037 Stradale 1982,600000,B555,Hard to Find
Lancia Delta HF Integrale Evo 1992,110000,C489,"Autoshow, Wheelspin"
Lancia Delta S4 1986,55000,B564,"Autoshow, Wheelspin"
Lancia Stratos HF Stradale 1974,680000,C483,Treasure Car: Central Sotoyama
Land Rover Defender 110 X 2020,250000,C427,Autoshow
Land Rover Range Rover Sport SVR 2015,48000,A604,"Autoshow, Earn 200 points in the ""Danger Signs"" category in the Collection Journal"
Lexus LC 500 2021,79000,B592,"Autoshow, Wheelspin"
Lexus LFA 2010,875000,A699,Autoshow
Lexus LFA Forza Edition 2010,1250000,S2900,"Earn 7,000 points in the ""Touge & Street Racing"" category in the Collection Journal"
Lexus RC F 2015,35000,A623,"Autoshow, Wheelspin"
Lincoln Continental 1962,65000,D267,Barn Find: West of The Estate
Lotus Elise GT1 1997,1500000,S1709,"Autoshow, Wheelspin, Aftermarket Car"
Lotus Elise Series 1 Sport 190 1999,47000,B589,"Autoshow, Wheelspin"
Lotus Emira 2023,250000,A656,Hard to Find
Lotus Esprit V8 2002,250000,A619,Hard to Find
Lotus Evija 2020,2450000,R937,"Autoshow, Wheelspin"
Lotus Evija Forza Edition 2020,500000,S2900,Gifted (DLC: VIP Membership)
Lotus Exige Cup 430 2018,250000,S1732,Hard to Find
Lotus Scura Motorsports Exige WTAC 2018,400000,R998,"Earn 9,360 points in the ""Road Racing"" category in the Collection Journal"
Lucid Air Sapphire 2024,240000,S2820,"Autoshow, Wheelspin"
Maserati Ghibli Cup 1997,102000,B591,"Autoshow, Earn 525 points in the ""Car Collection"" category in the Collection Journal"
Maserati MC12 2004,3750000,S1751,Hard to Find
Maserati MC12 Versione Corsa 2008,3100000,R912,"Autoshow, Wheelspin"
Maserati MC20 2022,220000,S1753,"Autoshow, Wheelspin"
Mazda #123 Mad Mike 808 Wagon 'FURSTY' 1974,100000,S1702,Autoshow (DLC: Car Pass)
Mazda #55 Mazda 787B 1991,1220000,R988,Barn Find: Central Takashiro
Mazda Cosmo 110S Series II 1972,250000,D394,Hard to Find
Mazda Furai 2008,353000,R926,Hard to Find
Mazda Mazdaspeed 3 2010,25000,B536,"Autoshow, Wheelspin"
Mazda Mazdaspeed MX-5 2005,21000,C469,"Autoshow, Wheelspin"
Mazda MX-5 2013,28000,C432,"Autoshow, Wheelspin"
Mazda MX-5 2016,18000,C499,Autoshow
Mazda MX-5 Cup 2017,60000,B586,"Autoshow, Earn 300 points in the ""Horizon Play"" category in the Collection Journal"
Mazda MX-5 Miata 1994,15000,D329,"Autoshow, Wheelspin, Aftermarket Car"
Mazda MX-5 Miata Forza Edition 1994,500000,S2850,Aftermarket Car (Horizon Festival Drag Strip)
Mazda MX-5 Miata RF 2022,29000,B509,"Autoshow, Wheelspin, Aftermarket Car"
Mazda RX-3 1973,73000,D328,"Autoshow, Wheelspin"
Mazda RX-3 Forza Edition 1973,500000,B600,Aftermarket Car (Daikoku Parking Area)
Mazda RX-7 GSL-SE 1985,30000,D357,Treasure Car: Northwest Ohtani
Mazda RX-7 Type R 1992,40000,B548,"Autoshow, Earn 200 points in the ""Drift Zones"" category in the Collection Journal"
Mazda RX-8 R3 2011,33000,B508,"Autoshow, Wheelspin, Aftermarket Car"
Mazda Savanna RX-7 1990,23000,C451,"Autoshow, Wheelspin"
McLaren 12C Coupé 2011,105000,S1727,"Autoshow, Wheelspin"
McLaren 570S Coupé 2015,130000,S1721,"Autoshow, Wheelspin, Aftermarket Car"
McLaren 600LT Coupé 2018,260000,S1780,Autoshow
McLaren 620R 2021,260000,S1773,Wheelspin
McLaren 650S Spider 2014,130000,S1765,"Autoshow, Wheelspin"
McLaren 765LT Coupé 2021,358000,S2829,"Autoshow, Wheelspin"
McLaren Artura 2023,220000,S1766,"Autoshow, Wheelspin"
McLaren F1 1993,5000000,S1713,"Autoshow, Wheelspin"
McLaren F1 GT 1997,5500000,S1769,"Autoshow, Wheelspin"
McLaren P1 2013,1550000,S2848,"Autoshow, Wheelspin"
McLaren Sabre 2021,3400000,S1787,Hard to Find
McLaren Speedtail 2019,2000000,S2835,"Autoshow, Wheelspin"
McLaren W1 2025,1000000,R918,Autoshow (DLC: Car Pass)
Mercedes-AMG C 63 S Coupé 2016,34000,A645,"Autoshow, Wheelspin"
Mercedes-AMG E 63 S 2018,63000,A674,"Autoshow, Wheelspin, Aftermarket Car"
Mercedes-AMG GT 4-Door Coupé 2018,250000,A664,Wheelspin
Mercedes-AMG GT Black Series 'Welcome Pack' 2020,200000,S2900,Autoshow (DLC: Welcome Pack)
Mercedes-AMG GT Black Series 2021,440000,S1782,"Autoshow, Wheelspin, Aftermarket Car"
Mercedes-AMG GT R 2017,250000,S1764,Hard to Find
Mercedes-AMG GT S 2015,90000,A691,"Autoshow, Wheelspin"
Mercedes-AMG Mercedes-AMG ONE 2021,2800000,S2900,"Autoshow, Wheelspin"
Mercedes-AMG SL 63 2021,120000,A690,"Autoshow, Wheelspin"
Mercedes-AMG SLC 43 Final Edition 2020,50000,A620,"Autoshow, Wheelspin"
Mercedes-Benz 190E 2.5-16 Evolution II 1990,200000,C460,Autoshow
Mercedes-Benz 190E 2.5-16 Evolution II Forza Edition 1990,750000,A700,Wheelspin
Mercedes-Benz 300 SL Coupé 1954,1700000,D388,"Autoshow, Wheelspin"
Mercedes-Benz 300 SLR 1955,60000000,B599,"Autoshow, Wheelspin"
Mercedes-Benz A 45 AMG 2013,25000,B582,"Autoshow, Wheelspin"
Mercedes-Benz AMG CLK GTR 1998,3600000,S1713,Wheelspin
Mercedes-Benz AMG Hammer Coupe 1987,225000,B565,"Autoshow, Wheelspin"
Mercedes-Benz C 63 AMG Coupé Black Series 2012,175000,A654,Autoshow
Mercedes-Benz G 63 AMG 6x6 2014,780000,C489,Wheelspin
Mercedes-Benz G 65 AMG 2013,120000,B530,"Autoshow, Earn 200 points in the ""Trailblazers"" category in the Collection Journal"
Mercedes-Benz SL 65 AMG Black Series 2009,360000,A699,"Autoshow, Wheelspin"
Mercedes-Benz Unimog U5023 2014,235000,D100,"Autoshow, Wheelspin"
Mercedes-Benz X-Class 2018,50000,D258,"Autoshow, Wheelspin"
Meyers Manx 1971,34000,D201,"Autoshow, Wheelspin"
Meyers Manx 2.0 2023,74000,B540,"Autoshow, Wheelspin"
MG Metro 6R4 1986,220000,A627,"Autoshow, Wheelspin, Earn 2,500 points in the ""Dirt Racing"" category in the Collection Journal"
MINI Cooper S 1965,39000,D158,"Autoshow, Wheelspin, Aftermarket Car"
MINI John Cooper Works GP 2012,30000,B509,"Autoshow, Wheelspin"
MINI John Cooper Works GP 2021,250000,B599,Hard to Find
MINI X-Raid All4 Racing Countryman 2013,220000,B523,"Autoshow, Wheelspin"
MINI X-Raid John Cooper Works Buggy 2018,425000,B514,"Earn 6,910 points in the ""Cross Country Racing"" category in the Collection Journal"
Mitsubishi #1 Sierra Sierra Enterprises Lancer Evolution Time Attack 2005,90000,R962,Barn Find: North Shimanoyama
Mitsubishi #269 Attacking the Clock Racing Minicab Time Attack 1990,100000,D166,Autoshow (DLC: Time Attack Car Pack)
Mitsubishi Eclipse GSX 1995,35000,C436,"Autoshow, Wheelspin, Aftermarket Car"
Mitsubishi Galant VR-4 1992,25000,C432,"Autoshow, Wheelspin"
Mitsubishi GTO 1997,20000,C495,"Autoshow, Wheelspin, Aftermarket Car"
Mitsubishi Lancer Evolution III GSR 1995,29000,B517,Treasure Car: West Takashiro
Mitsubishi Lancer Evolution IX MR 2006,250000,B521,Hard to Find
Mitsubishi Lancer Evolution VI GSR TM Edition 2001,70000,B574,"Autoshow, Earn the Yellow Wristband"
Mitsubishi Lancer Evolution VIII MR 'Welcome Pack' 2004,100000,A700,Autoshow (DLC: Welcome Pack)
Mitsubishi Lancer Evolution VIII MR 2004,30000,B555,"Autoshow, Wheelspin, Aftermarket Car"
Mitsubishi Lancer Evolution X GSR 2008,25000,B534,"Autoshow, Wheelspin, Aftermarket Car"
Mitsubishi Montero Evolution 1997,50000,D346,Barn Find: East Shimanoyama
Mitsubishi Montero Exceed 2800 TD 1995,25000,D190,"Autoshow, Wheelspin"
Mitsubishi Starion ESI-R 1988,250000,C446,Hard to Find
Nissan #11 Tomica Skyline Turbo Super Silhouette 1983,301000,S2847,Barn Find: Central Ito
Nissan #12 Skyline GT-R (BNR32 Gr.A) JTC 1990,1500000,S2858,Autoshow (DLC: Car Pass)
Nissan #23 Pennzoil NISMO Skyline GT-R 1998,600000,S2848,Barn Find: West Takashiro
Nissan #32 Skyline WTAC 'Xtreme GTR' 1993,570000,R923,Autoshow (DLC: Time Attack Car Pack)
Nissan #36 Dream Project S15 Silvia WTAC 2000,400000,R996,Autoshow (DLC: Time Attack Car Pack)
Nissan 240SX 1993,250000,D339,Wheelspin
Nissan 370Z 2010,250000,B568,Hard to Find
Nissan 370Z Nismo 2019,46000,A603,"Autoshow, Wheelspin, Aftermarket Car"
Nissan Be-1 1987,23000,D175,Hard to Find
Nissan Fairlady Z 2003,18000,B534,"Autoshow, Wheelspin, Aftermarket Car"
Nissan Fairlady Z 432 1969,250000,D369,"Autoshow, Wheelspin"
Nissan Fairlady Z Version S Twin Turbo 1994,40000,C497,Autoshow
Nissan Figaro 1991,40000,D234,Treasure Car: Southwest Tokyo
Nissan Gloria Gran Turismo 1995,15000,C498,"Autoshow, Wheelspin"
Nissan GT-R (R35) 2017,115000,S1709,"Autoshow, Wheelspin"
Nissan GT-R Black Edition (R35) 'Touge Edition' 2012,220000,A691,Unobtainable
Nissan GT-R Black Edition (R35) 2012,80000,S1703,"Autoshow, Wheelspin, Aftermarket Car"
Nissan GT-R Black Edition (R35) Forza Edition 2012,750000,S2850,Wheelspin
Nissan GT-R NISMO 'Initial Drive' 2024,220000,S1741,Unobtainable
Nissan GT-R NISMO (R35) 2020,270000,S1736,"Autoshow, Wheelspin"
Nissan GT-R NISMO 2024,220000,S1741,"Autoshow, Earn 1,000 points in the ""Touge & Street Rivals"" category in the Collection Journal"
Nissan NISMO GT-R LM 1995,1100000,B544,"Autoshow, Wheelspin"
Nissan PAO 1989,12000,D145,Barn Find: West Minamino
Nissan Patrol 1972,20000,D157,Autoshow (DLC: Car Pass)
Nissan Pulsar GTI-R 1990,28000,C486,"Autoshow, Wheelspin, Aftermarket Car"
Nissan R390 (GT1) 1998,1000000,S1774,Barn Find: Southwest Ohtani
Nissan S-Cargo 1989,19000,D131,"Autoshow, Wheelspin, Aftermarket Car"
Nissan S-Cargo Forza Edition 1989,500000,S1800,Wheelspin
Nissan Safari Turbo 1985,25000,D123,Treasure Car: North Ito
Nissan Silvia K's 1989,40000,C455,"Autoshow, Complete the Prologue"
Nissan Silvia K's 1994,20000,C499,"Autoshow, Wheelspin"
Nissan Silvia K's Aero 1998,22000,C494,"Autoshow, Wheelspin, Aftermarket Car"
Nissan Silvia Spec-R 2002,44000,B551,"Autoshow, Wheelspin"
Nissan Skyline 2000 Turbo RS 1983,25000,C414,Autoshow (DLC: Car Pass)
Nissan Skyline 2000GT-R 1971,169000,D380,Barn Find: Southwest Nangan
Nissan Skyline GT-R 1992,72000,B541,"Autoshow, Wheelspin, Aftermarket Car"
Nissan Skyline GT-R 40th Anniversary 1998,120000,B547,Autoshow (DLC: Car Pass)
Nissan Skyline GT-R V-Spec 1997,250000,B555,Hard to Find
Nissan Skyline GT-R V·Spec II 2000,200000,B590,"Autoshow, Wheelspin"
Nissan Skyline GTS-R 1987,41000,C432,Autoshow
Nissan Skyline H/T 2000GT-R 1973,416000,C407,"Autoshow, Wheelspin"
Nissan Stagea RS FOUR V 1997,20000,C439,"Autoshow, Wheelspin, Aftermarket Car"
Nissan Z NISMO 2024,60000,A652,"Autoshow, Wheelspin, Aftermarket Car"
Noble M600 2010,322000,S1793,"Autoshow, Wheelspin, Aftermarket Car"
Opel Manta 400 1984,152000,B576,"Autoshow, Aftermarket Car, Earn 1,075 points in the ""Dirt Rivals"" category in the Collection Journal"
Pagani Huayra BC Coupe 2016,3600000,S2851,"Autoshow, Wheelspin"
Pagani Huayra R 2021,2750000,R954,Hard to Find
Pagani Zonda Cinque Roadster 2010,4000000,S2812,"Autoshow, Wheelspin"
Pagani Zonda R 2009,4750000,R918,"Autoshow, Wheelspin"
Peel P50 1962,21000,D100,"Autoshow, Wheelspin, Aftermarket Car"
Peel P50 Trolli Edition 1962,21000,D100,Autoshow (Promotional: Trolli)
Penhall The Cholla 2011,85000,B541,"Autoshow, Wheelspin, Aftermarket Car"
Peugeot 205 Rallye 1991,22000,D350,"Autoshow, Wheelspin"
Peugeot 205 Turbo 16 1984,275000,C500,Barn Find: Northwest Shimanoyama
Peugeot 207 Super 2000 2007,85000,A632,Earn the Pink wristband
Plymouth Barracuda Formula S 1968,45000,C445,"Autoshow, Wheelspin"
Plymouth Cuda 426 HEMI 1971,125000,C441,"Autoshow, Wheelspin"
Plymouth Fury 1958,53000,D361,"Autoshow, Wheelspin"
Polaris RZR Pro XP Factory Racing Limited Edition 2021,50000,C439,"Autoshow, Wheelspin"
Polaris RZR Pro XP Ultimate 2021,34000,C496,"Autoshow, Earn 2,500 points in the ""Cross Country Racing"" category in the Collection Journal"
Pontiac Firebird Trans Am 1977,60000,D311,"Autoshow, Wheelspin"
Pontiac Firebird Trans Am GTA 1987,25000,D382,"Autoshow, Wheelspin"
Porsche #185 959 Prodrive Rally Raid 1986,1500000,A623,"Autoshow, Wheelspin, Aftermarket Car"
Porsche #203 Porsche AG 961 1987,520000,S2840,Autoshow (DLC: Car Pass)
Porsche #3 917 LH 1970,1000000,S1776,"Autoshow, Earn 3,000 points in the ""Car Collection"" category in the Collection Journal"
Porsche #3 917 LH Forza Edition 1970,1250000,R998,Wheelspin
Porsche #70 Porsche Motorsport 935 2019,1600000,S2853,"Autoshow, Wheelspin"
Porsche 718 Cayman GT4 RS 2022,190000,S1737,"Autoshow, Earn 1,300 points in the ""Road Rivals"" category in the Collection Journal"
Porsche 718 Cayman GTS 2018,75000,A675,"Autoshow, Wheelspin"
Porsche 911 Carrera Coupe 'Luftauto 002' 1987,275000,B561,Autoshow (DLC: Car Pass)
Porsche 911 Carrera RS 1973,1050000,C490,"Autoshow, Wheelspin"
Porsche 911 Carrera S 2019,145000,S1714,"Autoshow, Wheelspin"
Porsche 911 GT1 Strassenversion 1997,4000000,S1746,"Autoshow, Wheelspin"
Porsche 911 GT2 'Initial Drive' 1995,137000,A645,Unobtainable
Porsche 911 GT2 1995,1100000,A644,Wheelspin
Porsche 911 GT2 RS 2018,550000,S2803,"Autoshow, Wheelspin, Aftermarket Car"
Porsche 911 GT3 2004,135000,A674,"Autoshow, Wheelspin, Aftermarket Car"
Porsche 911 GT3 2021,260000,S1752,"Autoshow, Wheelspin"
Porsche 911 GT3 RS 2019,250000,S1760,Wheelspin
Porsche 911 GT3 RS 2023,424000,S1758,"Autoshow, Wheelspin"
Porsche 911 GT3 RS 4.0 2012,930000,S1726,"Autoshow, Earn 2,500 points in the ""Speed Zones"" category in the Collection Journal"
Porsche 911 Rallye 2023,390000,A700,Earn the Orange wristband
Porsche 911 Turbo 3.3 1982,240000,B550,Barn Find: South Ohtani
Porsche 911 Turbo S 2023,275000,S1774,"Autoshow, Wheelspin"
Porsche 911 Turbo S Leichtbau 1993,600000,A652,Hard to Find
Porsche 918 Spyder 2014,2300000,S2858,"Autoshow, Earn 3,700 points in the ""Horizon Play"" category in the Collection Journal"
Porsche 928 GTS 1993,150000,B563,"Autoshow, Wheelspin"
Porsche 944 Turbo 1989,30000,B539,"Autoshow, Wheelspin"
Porsche 959 1987,1875000,A661,Treasure Car: North Shimanoyama
Porsche 968 Turbo S 1993,520000,B594,"Autoshow, Wheelspin"
Porsche Carrera GT 2003,1800000,S1758,Car Mastery: Porsche 918 Spyder
Porsche Cayenne Turbo 2018,79000,A638,"Autoshow, Wheelspin"
Porsche Cayman GT3 WTAC 2005,180000,S2856,"Autoshow, Wheelspin"
Porsche Macan LPR Rally Raid 2018,250000,B528,"Autoshow, Wheelspin"
Porsche Mission R 2022,5000000,S2865,"Autoshow, Wheelspin, Aftermarket Car"
Porsche Taycan Turbo S 2020,200000,S1725,"Autoshow, Wheelspin"
Radical RXC Turbo 2015,147000,S2842,"Autoshow, Wheelspin, Aftermarket Car"
Ram 1500 TRX 2024,100000,B514,"Autoshow, Earn the Yellow Wristband"
Reliant Supervan III 1972,39000,D100,"Autoshow, Wheelspin"
Renault 5 Turbo 1980,143000,C417,"Autoshow, Wheelspin"
Renault 8 Gordini 1967,250000,D322,Hard to Find
Renault Clio Williams 1993,30000,D400,"Autoshow, Wheelspin"
Renault Megane R.S. 2018,32000,B547,"Autoshow, Wheelspin, Aftermarket Car"
Renault Megane RS 250 2010,14000,B538,"Autoshow, Wheelspin"
Renault Mégane R26.R 2008,58000,B561,"Autoshow, Wheelspin"
Renault Sport Spider 1998,59000,B508,Autoshow (DLC: Car Pass)
Rimac Nevera 2021,2250000,R913,Wheelspin
RIVIAN R1T 2021,56000,A607,"Autoshow, Wheelspin"
RJ Anderson #37 Polaris RZR Pro 2 Truck 2016,120000,A674,"Autoshow, Earn 975 points in the ""Cross Country Rivals"" category in the Collection Journal"
RJ Anderson #37 Polaris RZR Pro 4 Truck 2021,250000,A677,Wheelspin
Saleen S7 LM 2017,1000000,S2835,Hard to Find
Schuppan 962CR 1993,962,S1764,Hard to Find
Shelby Cobra 427 S/C 1965,3000000,B582,"Earn 2,700 points in the ""Car Collection"" category in the Collection Journal"
Shelby Cobra Daytona Coupe 1965,20000000,B515,"Autoshow, Wheelspin"
SIERRA Cars #23 Yokohama ALPHA 2020,65000,R926,"Autoshow, Wheelspin"
SIERRA Cars 700R 2021,75000,D346,"Autoshow, Wheelspin"
SIERRA Cars RX3 2021,50000,A635,"Autoshow, Wheelspin"
SRT Viper GTS 2013,135000,S1707,"Autoshow, Wheelspin, Loyalty Reward"
Subaru BRAT GL 1980,20000,D159,"Autoshow, Wheelspin"
Subaru BRZ 2013,25000,C463,"Autoshow, Wheelspin, Aftermarket Car"
Subaru BRZ 2022,28000,B551,"Autoshow, Wheelspin"
Subaru BRZ Forza Edition 2022,500000,A700,Aftermarket Car (Sotoyama Ski Resort)
Subaru Impreza 22B-STi Version 'Touge Edition' 1998,86000,B600,Unobtainable
Subaru Impreza 22B-STi Version 1998,330000,B600,"Autoshow, Wheelspin"
Subaru IMPREZA WRX STI 2004,30000,B552,"Autoshow, Wheelspin, Aftermarket Car"
Subaru IMPREZA WRX STI 2005,35000,B570,"Autoshow, Wheelspin, Aftermarket Car"
Subaru IMPREZA WRX STI 2008,27000,B539,"Autoshow, Wheelspin, Aftermarket Car"
Subaru LEGACY B4 2.0 GT 2005,10000,B549,"Autoshow, Wheelspin"
Subaru LEGACY RS 1990,15000,C406,"Autoshow, Wheelspin, Aftermarket Car"
Subaru STI S209 2019,250000,B575,Hard to Find
Subaru SVX 1996,13000,C466,"Autoshow, Wheelspin, Aftermarket Car"
Subaru Vivio RX-R 1994,10000,D281,"Autoshow, Wheelspin, Aftermarket Car"
Subaru Vivio RX-R Forza Edition 1994,750000,S2900,"Earn 3,250 points in the ""Horizon Life Events"" category in the Collection Journal"
Subaru WRX 2022,25000,B538,"Autoshow, Wheelspin"
Subaru WRX STI 2011,27000,B547,"Autoshow, Wheelspin"
Subaru WRX STI 2015,27000,B555,"Autoshow, Wheelspin"
Subaru WRX STI ARX Supercar 2018,150000,S1758,Earn the Purple wristband
Toyota #1 T100 Baja Truck 1993,400000,B584,"Autoshow, Wheelspin"
Toyota 2000GT 1969,1000000,D377,Barn Find: North Ito
Toyota 4Runner TRD Pro 2019,42000,C421,"Autoshow, Wheelspin"
Toyota 86 'Stories' 2013,250000,A685,"Earn 1,800 points in the ""Yuji's Auto"" category in the Collection Journal"
Toyota 86 2013,15000,C460,"Autoshow, Wheelspin"
Toyota Altezza RS200 Z EDITION 1999,250000,C461,Hard to Find
Toyota Camry TRD 2023,31000,B525,Autoshow
Toyota Celica GT 1974,250000,D287,Hard to Find
Toyota Celica GT-Four RC ST185 1992,30000,C438,Autoshow
Toyota Celica GT-Four ST205 1994,27000,C479,"Autoshow, Wheelspin, Complete the Prologue"
Toyota Celica Sport Specialty II 2003,12000,C433,"Autoshow, Wheelspin"
Toyota Chaser 2.5 Tourer V 1997,15500,B504,"Autoshow, Earn 2,000 points in the ""Photography"" category in the Collection Journal"
Toyota Chaser GT Twin Turbo 1991,20000,C484,"Autoshow, Wheelspin"
Toyota Corolla SR5 1974,250000,D197,Hard to Find
Toyota Crown Super Deluxe Taxi 2005,10000,D181,"Autoshow, Wheelspin"
Toyota FJ40 1979,103000,D157,"Autoshow, Wheelspin"
Toyota GR Corolla 2023,45000,B596,Autoshow (DLC: Car Pass)
Toyota GR Supra 2020,45000,A616,"Autoshow, Wheelspin, Aftermarket Car, Earn 1,000 points in ""Discovery"" category in the Collection Journal"
Toyota GR Yaris 2021,54000,B558,"Autoshow, Wheelspin, Aftermarket Car"
Toyota GR86 2022,28000,B556,"Autoshow, Wheelspin, Earn the Yellow Wristband"
Toyota J&J Motorsport Supra WTAC 1995,420000,S2828,Autoshow (DLC: Time Attack Car Pack)
Toyota JPN Taxi 2017,25000,D248,"Autoshow, Wheelspin"
Toyota Land Cruiser 2025,70000,C456,"Autoshow, Wheelspin"
Toyota Land Cruiser Arctic Trucks AT37 2016,250000,D332,Hard to Find
Toyota MR2 GT 1995,28000,B522,"Autoshow, Wheelspin, Aftermarket Car"
Toyota MR2 SC 1989,250000,D397,Hard to Find
Toyota Prius Prime XSE Premium 2024,40000,C472,Autoshow (DLC: Car Pass)
Toyota Sera 1991,11000,D344,"Autoshow, Wheelspin"
Toyota Soarer 2.5 GT-T 1997,18000,C491,"Autoshow, Wheelspin, Earn 250 points in the ""Garages"" category in the Collection Journal"
Toyota Sports 800 1965,250000,D141,"Wheelspin, Earn 4,000 points in the ""Regional Mascots"" category in the Collection Journal"
Toyota Sports 800 Fanta Edition 1965,35000,D141,Autoshow (Promotional: Fanta)
Toyota Sprinter Trueno GT Apex 'Touge Edition' 1985,22000,C412,Unobtainable
Toyota Sprinter Trueno GT Apex 1985,30000,D376,"Autoshow, Wheelspin"
Toyota Sprinter Trueno GT-APEX Forza Edition 1985,500000,B600,"Earn 5,000 points in the ""Master Explorer"" category in the Collection Journal"
Toyota Starlet Glanza V 1996,250000,C435,Hard to Find
Toyota Supra 2.0 GT 1992,28000,C454,"Autoshow, Wheelspin"
Toyota Supra RZ 1998,60000,B526,"Autoshow, Wheelspin, Aftermarket Car, Earn 250 points in ""Touge & Street Racing"" category in the Collection Journal"
Toyota Tacoma TRD Pro 2019,34000,C409,"Autoshow, Wheelspin"
Toyota Tacoma TRD Pro Forza Edition 2019,500000,R998,Gifted (DLC: VIP Membership)
TVR Cerbera Speed 12 1998,750000,S1770,Hard to Find
TVR Griffith 2018,250000,S1729,Autoshow
TVR Sagaris 2005,115000,A672,"Autoshow, Wheelspin"
Ultima Evolution Coupe 1020 2015,150000,R925,"Autoshow, Wheelspin"
Vauxhall Astra VXR 2006,250000,B512,Hard to Find
Volkswagen #34 Volkswagen Andretti Rally Cross Beetle 2017,150000,S1764,"Autoshow, Wheelspin, Aftermarket Car"
Volkswagen Beetle 1963,17000,D100,"Autoshow, Wheelspin, Aftermarket Car"
Volkswagen Class 5/1600 Baja Bug 1969,35000,D260,"Autoshow, Wheelspin"
Volkswagen Corrado VR6 1995,30000,C426,"Autoshow, Wheelspin"
Volkswagen Golf Gti 16v Mk2 1992,22000,D308,"Autoshow, Wheelspin"
Volkswagen Golf GTI 1983,18000,D314,"Autoshow, Wheelspin"
Volkswagen Golf R 2010,20000,B526,"Autoshow, Wheelspin"
Volkswagen Golf R 2014,27000,B536,"Autoshow, Wheelspin"
Volkswagen Golf R 2021,29000,B546,"Autoshow, Wheelspin, Aftermarket Car"
Volkswagen Golf R 2022,35000,B548,"Autoshow, Wheelspin"
Volkswagen Pickup LX 1982,16000,D100,"Autoshow, Wheelspin"
Volkswagen Rallye Golf 1989,250000,C440,Hard to Find
Volkswagen Scirocco R 2011,15000,B548,"Autoshow, Wheelspin"
Volkswagen Type 2 De Luxe 1963,178000,D100,"Autoshow, Earn 750 points in the ""Houses"" category in the Collection Journal"
Volvo 242 Turbo Evolution 1983,30000,C435,"Autoshow, Wheelspin, Aftermarket Car"
Wuling Hongguang Mini EV 2022,5000,D100,"Autoshow, Wheelspin, Aftermarket Car"
Wuling Sunshine S 2013,2000,D107,"Autoshow, Wheelspin"
Wuling Sunshine S Forza Edition 2020,500000,S1800,Wheelspin
Zenvo TSR-S 2019,1200000,R906,"Autoshow, Wheelspin"
